,Qsd,Qmax
0,0.01878264332136802,0.13132764868093805
1,0.018388575286728794,0.13061415575707983
2,0.018606136751933025,0.13176591321278802
3,0.017988243309788973,0.1280830678413248
4,0.018183175827402934,0.129212867024231
5,0.018158335314982073,0.13004988230923334
6,0.01917646187502212,0.1338198873153928
7,0.019244180620531716,0.13455124949847053
8,0.018026644694150277,0.1283909454838963
9,0.018259021792095684,0.12934114466863458
